{"mean_syn": 39.092738274437544, "mean_std": 7.011571530864103, "latency_raw": 39.092738274437544, "mAP@50": 0.00023034879215791767, "predcls_recall@20": 0.5220238843781422, "predcls_recall@50": 0.5980425722506353, "predcls_recall@100": 0.6261297332703278, "predcls_mean_recall@20": 0.2169373921987432, "predcls_mean_recall@50": 0.27202106582555896, "predcls_mean_recall@100": 0.2961677155850891, "predcls_f1_score@20": 0.3693790791070368, "predcls_f1_score@50": 0.4449892872561503, "predcls_f1_score@100": 0.48263968226294485}